{
	"info": {
		"_postman_id": "9d5589f6-7395-4353-b00d-674af979111b",
		"name": "MetoStation Collection",
		"schema": "https://schema.getpostman.com/json/collection/v2.1.0/collection.json",
		"_exporter_id": "27539511",
		"_collection_link": "https://winter-shuttle-500575.postman.co/workspace/Team-Workspace~af59661f-7854-4a29-8fac-4e2b0d198d08/collection/27539511-9d5589f6-7395-4353-b00d-674af979111b?action=share&creator=27539511&source=collection_link"
	},
	"item": [
		{
			"name": "Login Request",
			"request": {
				"method": "POST",
				"header": [
					{
						"key": "Accept",
						"value": "application/json",
						"type": "text"
					}
				],
				"body": {
					"mode": "raw",
					"raw": "{\r\n    \"email\": \"desoukya@gmail.com\",\r\n    \"password\" : \"22222\"\r\n}",
					"options": {
						"raw": {
							"language": "json"
						}
					}
				},
				"url": {
					"raw": "{{baseUrl}}/api/v1/user/login",
					"host": [
						"{{baseUrl}}"
					],
					"path": [
						"api",
						"v1",
						"user",
						"login"
					]
				}
			},
			"response": [
				{
					"name": "login successful",
					"originalRequest": {
						"method": "POST",
						"header": [
							{
								"key": "Accept",
								"value": "application/json",
								"type": "text"
							}
						],
						"body": {
							"mode": "raw",
							"raw": "{\r\n    \"email\": \"desoukya@gmail.com\",\r\n    \"password\" : \"123456\"\r\n}",
							"options": {
								"raw": {
									"language": "json"
								}
							}
						},
						"url": {
							"raw": "{{baseUrl}}/api/v1/user/login",
							"host": [
								"{{baseUrl}}"
							],
							"path": [
								"api",
								"v1",
								"user",
								"login"
							]
						}
					},
					"status": "OK",
					"code": 200,
					"_postman_previewlanguage": "html",
					"header": [
						{
							"key": "X-Powered-By",
							"value": "Express"
						},
						{
							"key": "Set-Cookie",
							"value": "session_token=633589ed-0472-467f-8e09-0c232dff3f5d; Path=/; Expires=Tue, 23 May 2023 22:03:03 GMT"
						},
						{
							"key": "Content-Type",
							"value": "text/html; charset=utf-8"
						},
						{
							"key": "Content-Length",
							"value": "16"
						},
						{
							"key": "ETag",
							"value": "W/\"10-8KjjXkUl9Z2Uu1jbKKxcv8kaJRs\""
						},
						{
							"key": "Date",
							"value": "Tue, 23 May 2023 21:48:03 GMT"
						},
						{
							"key": "Connection",
							"value": "keep-alive"
						},
						{
							"key": "Keep-Alive",
							"value": "timeout=5"
						}
					],
					"cookie": [],
					"body": "login successful"
				},
				{
					"name": "Password does not match",
					"originalRequest": {
						"method": "POST",
						"header": [
							{
								"key": "Accept",
								"value": "application/json",
								"type": "text"
							}
						],
						"body": {
							"mode": "raw",
							"raw": "{\r\n    \"email\": \"desoukya@gmail.com\",\r\n    \"password\" : \"11123456\"\r\n}",
							"options": {
								"raw": {
									"language": "json"
								}
							}
						},
						"url": {
							"raw": "{{baseUrl}}/api/v1/user/login",
							"host": [
								"{{baseUrl}}"
							],
							"path": [
								"api",
								"v1",
								"user",
								"login"
							]
						}
					},
					"status": "Unauthorized",
					"code": 401,
					"_postman_previewlanguage": "html",
					"header": [
						{
							"key": "X-Powered-By",
							"value": "Express"
						},
						{
							"key": "Content-Type",
							"value": "text/html; charset=utf-8"
						},
						{
							"key": "Content-Length",
							"value": "23"
						},
						{
							"key": "ETag",
							"value": "W/\"17-aXNkPUlxGJdtnNJq68NYBEgd9bY\""
						},
						{
							"key": "Date",
							"value": "Tue, 23 May 2023 21:48:26 GMT"
						},
						{
							"key": "Connection",
							"value": "keep-alive"
						},
						{
							"key": "Keep-Alive",
							"value": "timeout=5"
						}
					],
					"cookie": [],
					"body": "Password does not match"
				}
			]
		},
		{
			"name": "Register Request",
			"request": {
				"method": "POST",
				"header": []
			},
			"response": []
		},
		{
			"name": "Create Station Request",
			"request": {
				"method": "POST",
				"header": [
					{
						"key": "Accept",
						"value": "application/json",
						"type": "text"
					}
				],
				"body": {
					"mode": "raw",
					"raw": "{\r\n    \"stationname\" : \"test station\"\r\n}",
					"options": {
						"raw": {
							"language": "json"
						}
					}
				},
				"url": {
					"raw": "{{baseUrl}}/api/v1/station",
					"host": [
						"{{baseUrl}}"
					],
					"path": [
						"api",
						"v1",
						"station"
					]
				}
			},
			"response": [
				{
					"name": "added succesfully",
					"originalRequest": {
						"method": "POST",
						"header": [
							{
								"key": "Accept",
								"value": "application/json",
								"type": "text"
							}
						],
						"body": {
							"mode": "raw",
							"raw": "{\r\n    \"stationname\" : \"test station\"\r\n}",
							"options": {
								"raw": {
									"language": "json"
								}
							}
						},
						"url": {
							"raw": "{{baseUrl}}/api/v1/station",
							"host": [
								"{{baseUrl}}"
							],
							"path": [
								"api",
								"v1",
								"station"
							]
						}
					},
					"status": "OK",
					"code": 200,
					"_postman_previewlanguage": "html",
					"header": [
						{
							"key": "X-Powered-By",
							"value": "Express"
						},
						{
							"key": "Content-Type",
							"value": "text/html; charset=utf-8"
						},
						{
							"key": "Content-Length",
							"value": "17"
						},
						{
							"key": "ETag",
							"value": "W/\"11-9laLy4rUTldSTTjjGSqCnuAOPZY\""
						},
						{
							"key": "Date",
							"value": "Tue, 23 May 2023 22:11:21 GMT"
						},
						{
							"key": "Connection",
							"value": "keep-alive"
						},
						{
							"key": "Keep-Alive",
							"value": "timeout=5"
						}
					],
					"cookie": [],
					"body": "added succesfully"
				}
			]
		},
		{
			"name": "Update station",
			"request": {
				"method": "PUT",
				"header": [
					{
						"key": "Accept",
						"value": "application/json",
						"type": "text"
					}
				],
				"body": {
					"mode": "raw",
					"raw": "{\r\n    \r\n   \r\n    \"nestationname\":\"Hr\"\r\n    \r\n\r\n}",
					"options": {
						"raw": {
							"language": "json"
						}
					}
				},
				"url": {
					"raw": "{{baseUrl}}/api/v1/station/1",
					"host": [
						"{{baseUrl}}"
					],
					"path": [
						"api",
						"v1",
						"station",
						"1"
					]
				}
			},
			"response": [
				{
					"name": "Update station",
					"originalRequest": {
						"method": "PUT",
						"header": [
							{
								"key": "Accept",
								"value": "application/json",
								"type": "text"
							}
						],
						"body": {
							"mode": "raw",
							"raw": "{\r\n    \r\n    \"stationid\": 2,\r\n    \"nestationname\":\"naser\"\r\n    \r\n\r\n}",
							"options": {
								"raw": {
									"language": "json"
								}
							}
						},
						"url": {
							"raw": "{{baseUrl}}/api/v1/station",
							"host": [
								"{{baseUrl}}"
							],
							"path": [
								"api",
								"v1",
								"station"
							]
						}
					},
					"status": "OK",
					"code": 200,
					"_postman_previewlanguage": "json",
					"header": [
						{
							"key": "X-Powered-By",
							"value": "Express"
						},
						{
							"key": "Content-Type",
							"value": "application/json; charset=utf-8"
						},
						{
							"key": "Content-Length",
							"value": "34"
						},
						{
							"key": "ETag",
							"value": "W/\"22-V3QotCHrgp5v5EXZi8yK2yIxZpI\""
						},
						{
							"key": "Date",
							"value": "Thu, 25 May 2023 00:07:22 GMT"
						},
						{
							"key": "Connection",
							"value": "keep-alive"
						},
						{
							"key": "Keep-Alive",
							"value": "timeout=5"
						}
					],
					"cookie": [],
					"body": "{\n    \"message\": \"station name updated\"\n}"
				},
				{
					"name": "Update station",
					"originalRequest": {
						"method": "PUT",
						"header": [
							{
								"key": "Accept",
								"value": "application/json",
								"type": "text"
							}
						],
						"body": {
							"mode": "raw",
							"raw": "{\r\n    \"stationid\": 2,\r\n    \"nestationname\": \"\"\r\n}",
							"options": {
								"raw": {
									"language": "json"
								}
							}
						},
						"url": {
							"raw": "{{baseUrl}}/api/v1/station",
							"host": [
								"{{baseUrl}}"
							],
							"path": [
								"api",
								"v1",
								"station"
							]
						}
					},
					"status": "Internal Server Error",
					"code": 500,
					"_postman_previewlanguage": "text",
					"header": [
						{
							"key": "X-Powered-By",
							"value": "Express"
						},
						{
							"key": "Content-Type",
							"value": "application/json",
							"name": "Content-Type",
							"description": "",
							"type": "text"
						},
						{
							"key": "Content-Length",
							"value": "13"
						},
						{
							"key": "ETag",
							"value": "W/\"d-1NGgPpIvcJjv2JNrcDF/eNooidA\""
						},
						{
							"key": "Date",
							"value": "Thu, 25 May 2023 00:09:32 GMT"
						},
						{
							"key": "Connection",
							"value": "keep-alive"
						},
						{
							"key": "Keep-Alive",
							"value": "timeout=5"
						}
					],
					"cookie": [],
					"body": "error no data"
				}
			]
		},
		{
			"name": "update zone price",
			"request": {
				"method": "PUT",
				"header": [
					{
						"key": "Accept",
						"value": "application/json",
						"type": "text"
					}
				],
				"body": {
					"mode": "raw",
					"raw": "{\r\n    \"price\": 6 \r\n    \r\n}",
					"options": {
						"raw": {
							"language": "json"
						}
					}
				},
				"url": {
					"raw": "{{baseUrl}}/api/v1/zones/1",
					"host": [
						"{{baseUrl}}"
					],
					"path": [
						"api",
						"v1",
						"zones",
						"1"
					],
					"query": [
						{
							"key": "",
							"value": null,
							"disabled": true
						}
					]
				}
			},
			"response": [
				{
					"name": "update zone price",
					"originalRequest": {
						"method": "PUT",
						"header": [
							{
								"key": "Accept",
								"value": "application/json",
								"type": "text"
							}
						],
						"body": {
							"mode": "raw",
							"raw": "{\r\n    \"price\": 6 \r\n    \r\n}",
							"options": {
								"raw": {
									"language": "json"
								}
							}
						},
						"url": {
							"raw": "{{baseUrl}}/api/v1/zones/1",
							"host": [
								"{{baseUrl}}"
							],
							"path": [
								"api",
								"v1",
								"zones",
								"1"
							],
							"query": [
								{
									"key": "",
									"value": null,
									"disabled": true
								}
							]
						}
					},
					"status": "OK",
					"code": 200,
					"_postman_previewlanguage": "json",
					"header": [
						{
							"key": "X-Powered-By",
							"value": "Express"
						},
						{
							"key": "Content-Type",
							"value": "application/json; charset=utf-8"
						},
						{
							"key": "Content-Length",
							"value": "35"
						},
						{
							"key": "ETag",
							"value": "W/\"23-zltU/6ZWIHEA0XDovMhkO4HeoAI\""
						},
						{
							"key": "Date",
							"value": "Fri, 26 May 2023 11:16:17 GMT"
						},
						{
							"key": "Connection",
							"value": "keep-alive"
						},
						{
							"key": "Keep-Alive",
							"value": "timeout=5"
						}
					],
					"cookie": [],
					"body": "{\n    \"message\": \"zone has been updated\"\n}"
				}
			]
		},
		{
			"name": "get data in table zones",
			"protocolProfileBehavior": {
				"disableBodyPruning": true
			},
			"request": {
				"method": "GET",
				"header": [
					{
						"key": "Accept",
						"value": "application/json",
						"type": "text"
					}
				],
				"body": {
					"mode": "raw",
					"raw": "{\r\n    \r\n}"
				},
				"url": {
					"raw": "{{baseUrl}}/api/v1/zone",
					"host": [
						"{{baseUrl}}"
					],
					"path": [
						"api",
						"v1",
						"zone"
					]
				}
			},
			"response": [
				{
					"name": "{{baseUrl}}/api/v1/zone",
					"originalRequest": {
						"method": "GET",
						"header": [
							{
								"key": "Accept",
								"value": "application/json",
								"type": "text"
							}
						],
						"body": {
							"mode": "raw",
							"raw": "{\r\n    \r\n}"
						},
						"url": {
							"raw": "{{baseUrl}}/api/v1/zone",
							"host": [
								"{{baseUrl}}"
							],
							"path": [
								"api",
								"v1",
								"zone"
							]
						}
					},
					"status": "OK",
					"code": 200,
					"_postman_previewlanguage": "json",
					"header": [
						{
							"key": "X-Powered-By",
							"value": "Express"
						},
						{
							"key": "Content-Type",
							"value": "application/json; charset=utf-8"
						},
						{
							"key": "Content-Length",
							"value": "107"
						},
						{
							"key": "ETag",
							"value": "W/\"6b-37O5lspAbgWv7QWqtW2FwuNPhxY\""
						},
						{
							"key": "Date",
							"value": "Thu, 25 May 2023 09:50:25 GMT"
						},
						{
							"key": "Connection",
							"value": "keep-alive"
						},
						{
							"key": "Keep-Alive",
							"value": "timeout=5"
						}
					],
					"cookie": [],
					"body": "[\n    {\n        \"id\": 2,\n        \"zonetype\": \"z2\",\n        \"price\": 7\n    },\n    {\n        \"id\": 3,\n        \"zonetype\": \"z3\",\n        \"price\": 10\n    },\n    {\n        \"id\": 1,\n        \"zonetype\": \"z1\",\n        \"price\": 5\n    }\n]"
				}
			]
		},
		{
			"name": "pass reset",
			"request": {
				"method": "PUT",
				"header": [
					{
						"key": "Accept",
						"value": "application/json",
						"type": "text"
					}
				],
				"body": {
					"mode": "raw",
					"raw": "{\r\n\"newPassword\":\"\"\r\n\r\n\r\n}",
					"options": {
						"raw": {
							"language": "json"
						}
					}
				},
				"url": {
					"raw": "{{baseUrl}}/api/v1/password/reset",
					"host": [
						"{{baseUrl}}"
					],
					"path": [
						"api",
						"v1",
						"password",
						"reset"
					]
				}
			},
			"response": [
				{
					"name": "pass reset",
					"originalRequest": {
						"method": "PUT",
						"header": [
							{
								"key": "Accept",
								"value": "application/json",
								"type": "text"
							}
						],
						"body": {
							"mode": "raw",
							"raw": "{\r\n\"newPassword\":\"me\"\r\n\r\n\r\n}",
							"options": {
								"raw": {
									"language": "json"
								}
							}
						},
						"url": {
							"raw": "{{baseUrl}}/api/v1/password/reset",
							"host": [
								"{{baseUrl}}"
							],
							"path": [
								"api",
								"v1",
								"password",
								"reset"
							]
						}
					},
					"status": "OK",
					"code": 200,
					"_postman_previewlanguage": "json",
					"header": [
						{
							"key": "X-Powered-By",
							"value": "Express"
						},
						{
							"key": "Content-Type",
							"value": "application/json; charset=utf-8"
						},
						{
							"key": "Content-Length",
							"value": "31"
						},
						{
							"key": "ETag",
							"value": "W/\"1f-4CxLwIkt2vSdbxNIiT2jDJmMBIo\""
						},
						{
							"key": "Date",
							"value": "Thu, 25 May 2023 09:58:18 GMT"
						},
						{
							"key": "Connection",
							"value": "keep-alive"
						},
						{
							"key": "Keep-Alive",
							"value": "timeout=5"
						}
					],
					"cookie": [],
					"body": "{\n    \"message\": \"passsord  updated\"\n}"
				},
				{
					"name": "pass reset",
					"originalRequest": {
						"method": "PUT",
						"header": [
							{
								"key": "Accept",
								"value": "application/json",
								"type": "text"
							}
						],
						"body": {
							"mode": "raw",
							"raw": "{\r\n\"newPassword\":\"\"\r\n\r\n\r\n}",
							"options": {
								"raw": {
									"language": "json"
								}
							}
						},
						"url": {
							"raw": "{{baseUrl}}/api/v1/password/reset",
							"host": [
								"{{baseUrl}}"
							],
							"path": [
								"api",
								"v1",
								"password",
								"reset"
							]
						}
					},
					"status": "Bad Request",
					"code": 400,
					"_postman_previewlanguage": "html",
					"header": [
						{
							"key": "X-Powered-By",
							"value": "Express"
						},
						{
							"key": "Content-Type",
							"value": "text/html; charset=utf-8"
						},
						{
							"key": "Content-Length",
							"value": "24"
						},
						{
							"key": "ETag",
							"value": "W/\"18-prFuc0BKJNJql0BpxmS6joP8eBc\""
						},
						{
							"key": "Date",
							"value": "Thu, 25 May 2023 09:59:26 GMT"
						},
						{
							"key": "Connection",
							"value": "keep-alive"
						},
						{
							"key": "Keep-Alive",
							"value": "timeout=5"
						}
					],
					"cookie": [],
					"body": "new passwoes is required"
				}
			]
		},
		{
			"name": "New Request",
			"request": {
				"method": "GET",
				"header": []
			},
			"response": []
		},
		{
			"name": "admin response to senior request",
			"request": {
				"method": "PUT",
				"header": [],
				"body": {
					"mode": "raw",
					"raw": "{\r\n  \"status\": \"accepted\"\r\n}",
					"options": {
						"raw": {
							"language": "json"
						}
					}
				},
				"url": {
					"raw": "{{baseUrl}}/api/v1/requests/senior/:16",
					"host": [
						"{{baseUrl}}"
					],
					"path": [
						"api",
						"v1",
						"requests",
						"senior",
						":16"
					],
					"variable": [
						{
							"key": "16",
							"value": null
						}
					]
				}
			},
			"response": [
				{
					"name": "normal user tries to handle senior request",
					"originalRequest": {
						"method": "PUT",
						"header": [],
						"body": {
							"mode": "raw",
							"raw": "{\r\n  \"status\": \"accepted\"\r\n}",
							"options": {
								"raw": {
									"language": "json"
								}
							}
						},
						"url": {
							"raw": "{{baseUrl}}/api/v1/requests/senior/:14",
							"host": [
								"{{baseUrl}}"
							],
							"path": [
								"api",
								"v1",
								"requests",
								"senior",
								":14"
							],
							"variable": [
								{
									"key": "14",
									"value": null
								}
							]
						}
					},
					"status": "Bad Request",
					"code": 400,
					"_postman_previewlanguage": "html",
					"header": [
						{
							"key": "X-Powered-By",
							"value": "Express"
						},
						{
							"key": "Content-Type",
							"value": "text/html; charset=utf-8"
						},
						{
							"key": "Content-Length",
							"value": "39"
						},
						{
							"key": "ETag",
							"value": "W/\"27-M5lnyVffgMCRYPU7Mj1Daa/eGJA\""
						},
						{
							"key": "Date",
							"value": "Thu, 25 May 2023 22:59:24 GMT"
						},
						{
							"key": "Connection",
							"value": "keep-alive"
						},
						{
							"key": "Keep-Alive",
							"value": "timeout=5"
						}
					],
					"cookie": [],
					"body": "user isn't authorised to do this action"
				},
				{
					"name": "admin responds to senior request",
					"originalRequest": {
						"method": "PUT",
						"header": [],
						"body": {
							"mode": "raw",
							"raw": "{\r\n  \"seniorStatus\": \"accepted\"\r\n}",
							"options": {
								"raw": {
									"language": "json"
								}
							}
						},
						"url": {
							"raw": "{{baseUrl}}/api/v1/requests/senior/:16",
							"host": [
								"{{baseUrl}}"
							],
							"path": [
								"api",
								"v1",
								"requests",
								"senior",
								":16"
							],
							"variable": [
								{
									"key": "16",
									"value": null
								}
							]
						}
					},
					"status": "OK",
					"code": 200,
					"_postman_previewlanguage": "html",
					"header": [
						{
							"key": "X-Powered-By",
							"value": "Express"
						},
						{
							"key": "Content-Type",
							"value": "text/html; charset=utf-8"
						},
						{
							"key": "Content-Length",
							"value": "17"
						},
						{
							"key": "ETag",
							"value": "W/\"11-X2rn+41bzSZ2kii+Y2atWpKU9rE\""
						},
						{
							"key": "Date",
							"value": "Thu, 25 May 2023 23:01:52 GMT"
						},
						{
							"key": "Connection",
							"value": "keep-alive"
						},
						{
							"key": "Keep-Alive",
							"value": "timeout=5"
						}
					],
					"cookie": [],
					"body": "status is updated"
				}
			]
		},
		{
			"name": "user sends senior request",
			"request": {
				"method": "POST",
				"header": [
					{
						"key": "Accept",
						"value": "application/json",
						"type": "text"
					}
				],
				"body": {
					"mode": "raw",
					"raw": "{\r\n  \"nationalId\": \"30402088888888\"\r\n}",
					"options": {
						"raw": {
							"language": "json"
						}
					}
				},
				"url": {
					"raw": "{{baseUrl}}/api/v1/senior/request",
					"host": [
						"{{baseUrl}}"
					],
					"path": [
						"api",
						"v1",
						"senior",
						"request"
					]
				}
			},
			"response": [
				{
					"name": "same user tries to submit 2 reqs",
					"originalRequest": {
						"method": "POST",
						"header": [
							{
								"key": "Accept",
								"value": "application/json",
								"type": "text"
							}
						],
						"body": {
							"mode": "raw",
							"raw": "{\r\n  \"nationalId\": \"36202088888888\"\r\n}",
							"options": {
								"raw": {
									"language": "json"
								}
							}
						},
						"url": {
							"raw": "{{baseUrl}}/api/v1/senior/request",
							"host": [
								"{{baseUrl}}"
							],
							"path": [
								"api",
								"v1",
								"senior",
								"request"
							]
						}
					},
					"status": "Bad Request",
					"code": 400,
					"_postman_previewlanguage": "html",
					"header": [
						{
							"key": "X-Powered-By",
							"value": "Express"
						},
						{
							"key": "Content-Type",
							"value": "text/html; charset=utf-8"
						},
						{
							"key": "Content-Length",
							"value": "48"
						},
						{
							"key": "ETag",
							"value": "W/\"30-rYla0d9EmKPuqiyWVCl574PJJNM\""
						},
						{
							"key": "Date",
							"value": "Thu, 25 May 2023 22:28:18 GMT"
						},
						{
							"key": "Connection",
							"value": "keep-alive"
						},
						{
							"key": "Keep-Alive",
							"value": "timeout=5"
						}
					],
					"cookie": [],
					"body": "This user has already submitted a request before"
				},
				{
					"name": "user sends senior request",
					"originalRequest": {
						"method": "POST",
						"header": [
							{
								"key": "Accept",
								"value": "application/json",
								"type": "text"
							}
						],
						"body": {
							"mode": "raw",
							"raw": "{\r\n  \"nationalId\": \"36202088888888\"\r\n}",
							"options": {
								"raw": {
									"language": "json"
								}
							}
						},
						"url": {
							"raw": "{{baseUrl}}/api/v1/senior/request",
							"host": [
								"{{baseUrl}}"
							],
							"path": [
								"api",
								"v1",
								"senior",
								"request"
							]
						}
					},
					"status": "OK",
					"code": 200,
					"_postman_previewlanguage": "json",
					"header": [
						{
							"key": "X-Powered-By",
							"value": "Express"
						},
						{
							"key": "Content-Type",
							"value": "application/json; charset=utf-8"
						},
						{
							"key": "Content-Length",
							"value": "73"
						},
						{
							"key": "ETag",
							"value": "W/\"49-66yIZnRK67xiFR4lv2FUIFNo/0Y\""
						},
						{
							"key": "Date",
							"value": "Thu, 25 May 2023 22:52:10 GMT"
						},
						{
							"key": "Connection",
							"value": "keep-alive"
						},
						{
							"key": "Keep-Alive",
							"value": "timeout=5"
						}
					],
					"cookie": [],
					"body": "[\n    {\n        \"id\": 16,\n        \"status\": \"on-going\",\n        \"userid\": 18,\n        \"nationalid\": \"36202088888888\"\n    }\n]"
				}
			]
		},
		{
			"name": "Station delete",
			"request": {
				"method": "DELETE",
				"header": [
					{
						"key": "Accept",
						"value": "application/json",
						"type": "text"
					}
				],
				"body": {
					"mode": "raw",
					"raw": "{\r\n\r\n}",
					"options": {
						"raw": {
							"language": "json"
						}
					}
				},
				"url": {
					"raw": "{{baseUrl}}/api/v1/station/2",
					"host": [
						"{{baseUrl}}"
					],
					"path": [
						"api",
						"v1",
						"station",
						"2"
					]
				}
			},
			"response": []
		},
		{
			"name": "Senior Request",
			"request": {
				"method": "POST",
				"header": [
					{
						"key": "Accept",
						"value": "application/json",
						"type": "text"
					}
				],
				"body": {
					"mode": "raw",
					"raw": "{\r\n    \"nationalId\" : \"11122312151485\"\r\n}",
					"options": {
						"raw": {
							"language": "json"
						}
					}
				},
				"url": {
					"raw": "{{baseUrl}}/api/v1/senior/request?",
					"host": [
						"{{baseUrl}}"
					],
					"path": [
						"api",
						"v1",
						"senior",
						"request"
					],
					"query": [
						{
							"key": "",
							"value": null
						}
					]
				}
			},
			"response": [
				{
					"name": "Vie data",
					"originalRequest": {
						"method": "POST",
						"header": [
							{
								"key": "Accept",
								"value": "application/json",
								"type": "text"
							}
						],
						"body": {
							"mode": "raw",
							"raw": "{\r\n    \"nationalId\" : \"11122312151485\"\r\n}",
							"options": {
								"raw": {
									"language": "json"
								}
							}
						},
						"url": {
							"raw": "{{baseUrl}}/api/v1/senior/request?",
							"host": [
								"{{baseUrl}}"
							],
							"path": [
								"api",
								"v1",
								"senior",
								"request"
							],
							"query": [
								{
									"key": "",
									"value": null
								}
							]
						}
					},
					"status": "OK",
					"code": 200,
					"_postman_previewlanguage": "json",
					"header": [
						{
							"key": "X-Powered-By",
							"value": "Express"
						},
						{
							"key": "Content-Type",
							"value": "application/json; charset=utf-8"
						},
						{
							"key": "Content-Length",
							"value": "71"
						},
						{
							"key": "ETag",
							"value": "W/\"47-ghNZgQiq5cN+FLI4rNcQy3g1tUs\""
						},
						{
							"key": "Date",
							"value": "Fri, 26 May 2023 12:12:13 GMT"
						},
						{
							"key": "Connection",
							"value": "keep-alive"
						},
						{
							"key": "Keep-Alive",
							"value": "timeout=5"
						}
					],
					"cookie": [],
					"body": "[\n    {\n        \"id\": 1,\n        \"status\": \"on-going\",\n        \"userid\": 1,\n        \"nationalid\": \"11122312151485\"\n    }\n]"
				}
			]
		},
		{
			"name": "Approve Senior",
			"request": {
				"method": "PUT",
				"header": [
					{
						"key": "Accept",
						"value": "application/json",
						"type": "text"
					}
				],
				"url": {
					"raw": "{{baseUrl}}/api/v1/requests/senior/11122312151485",
					"host": [
						"{{baseUrl}}"
					],
					"path": [
						"api",
						"v1",
						"requests",
						"senior",
						"11122312151485"
					]
				}
			},
			"response": [
				{
					"name": "New Request",
					"originalRequest": {
						"method": "PUT",
						"header": [
							{
								"key": "Accept",
								"value": "application/json",
								"type": "text"
							}
						],
						"url": {
							"raw": "{{baseUrl}}/api/v1/requests/senior/11122312151485",
							"host": [
								"{{baseUrl}}"
							],
							"path": [
								"api",
								"v1",
								"requests",
								"senior",
								"11122312151485"
							]
						}
					},
					"status": "Bad Request",
					"code": 400,
					"_postman_previewlanguage": "html",
					"header": [
						{
							"key": "X-Powered-By",
							"value": "Express"
						},
						{
							"key": "Content-Type",
							"value": "text/html; charset=utf-8"
						},
						{
							"key": "Content-Length",
							"value": "39"
						},
						{
							"key": "ETag",
							"value": "W/\"27-M5lnyVffgMCRYPU7Mj1Daa/eGJA\""
						},
						{
							"key": "Date",
							"value": "Fri, 26 May 2023 12:14:46 GMT"
						},
						{
							"key": "Connection",
							"value": "keep-alive"
						},
						{
							"key": "Keep-Alive",
							"value": "timeout=5"
						}
					],
					"cookie": [],
					"body": "user isn't authorised to do this action"
				}
			]
		},
		{
			"name": "Create Route",
			"request": {
				"method": "POST",
				"header": [
					{
						"key": "Accept",
						"value": "application/json",
						"type": "text"
					}
				],
				"body": {
					"mode": "raw",
					"raw": "{\r\n    \"newStationId\": 13,\r\n\r\n    \"connectedStationId\":12,\r\n\r\n    \"routeName\":\"hi68\"\r\n}",
					"options": {
						"raw": {
							"language": "json"
						}
					}
				},
				"url": {
					"raw": "{{baseUrl}}/api/v1/route?Accepted=application/json",
					"host": [
						"{{baseUrl}}"
					],
					"path": [
						"api",
						"v1",
						"route"
					],
					"query": [
						{
							"key": "Accepted",
							"value": "application/json"
						}
					]
				}
			},
			"response": []
		},
		{
			"name": "Refund request",
			"request": {
				"method": "POST",
				"header": [],
				"body": {
					"mode": "raw",
					"raw": "{\r\n    \r\n}",
					"options": {
						"raw": {
							"language": "json"
						}
					}
				},
				"url": {
					"raw": "{{baseUrl}}/api/v1/refund/:1",
					"host": [
						"{{baseUrl}}"
					],
					"path": [
						"api",
						"v1",
						"refund",
						":1"
					],
					"variable": [
						{
							"key": "1",
							"value": null
						}
					]
				}
			},
			"response": [
				{
					"name": "if user tries to refund same ticket twice",
					"originalRequest": {
						"method": "POST",
						"header": [],
						"body": {
							"mode": "raw",
							"raw": "{\r\n    \r\n}",
							"options": {
								"raw": {
									"language": "json"
								}
							}
						},
						"url": {
							"raw": "{{baseUrl}}/api/v1/refund/:1",
							"host": [
								"{{baseUrl}}"
							],
							"path": [
								"api",
								"v1",
								"refund",
								":1"
							],
							"variable": [
								{
									"key": "1",
									"value": null
								}
							]
						}
					},
					"status": "Bad Request",
					"code": 400,
					"_postman_previewlanguage": "html",
					"header": [
						{
							"key": "X-Powered-By",
							"value": "Express"
						},
						{
							"key": "Content-Type",
							"value": "text/html; charset=utf-8"
						},
						{
							"key": "Content-Length",
							"value": "28"
						},
						{
							"key": "ETag",
							"value": "W/\"1c-t6O2NBl5061V9CoZUt4ocgGrbYw\""
						},
						{
							"key": "Date",
							"value": "Sat, 27 May 2023 17:17:38 GMT"
						},
						{
							"key": "Connection",
							"value": "keep-alive"
						},
						{
							"key": "Keep-Alive",
							"value": "timeout=5"
						}
					],
					"cookie": [],
					"body": "request has been sent before"
				},
				{
					"name": "refund request",
					"originalRequest": {
						"method": "POST",
						"header": [],
						"body": {
							"mode": "raw",
							"raw": "{\r\n    \r\n}",
							"options": {
								"raw": {
									"language": "json"
								}
							}
						},
						"url": {
							"raw": "{{baseUrl}}/api/v1/refund/:1",
							"host": [
								"{{baseUrl}}"
							],
							"path": [
								"api",
								"v1",
								"refund",
								":1"
							],
							"variable": [
								{
									"key": "1",
									"value": null
								}
							]
						}
					},
					"status": "OK",
					"code": 200,
					"_postman_previewlanguage": "json",
					"header": [
						{
							"key": "X-Powered-By",
							"value": "Express"
						},
						{
							"key": "Content-Type",
							"value": "application/json; charset=utf-8"
						},
						{
							"key": "Content-Length",
							"value": "72"
						},
						{
							"key": "ETag",
							"value": "W/\"48-kGEOZWGvpv483Jd+piI0dONDY4U\""
						},
						{
							"key": "Date",
							"value": "Sat, 27 May 2023 17:19:19 GMT"
						},
						{
							"key": "Connection",
							"value": "keep-alive"
						},
						{
							"key": "Keep-Alive",
							"value": "timeout=5"
						}
					],
					"cookie": [],
					"body": "[\n    {\n        \"id\": 4,\n        \"status\": \"pending\",\n        \"userid\": 2,\n        \"refundamount\": 100,\n        \"ticketid\": 1\n    }\n]"
				}
			]
		},
		{
			"name": "Refund response",
			"request": {
				"method": "PUT",
				"header": [],
				"body": {
					"mode": "raw",
					"raw": "{\r\n      \"refundStatus\": \"accepted\"\r\n}",
					"options": {
						"raw": {
							"language": "json"
						}
					}
				},
				"url": {
					"raw": "http://localhost:3000/api/v1/requests/refunds/1",
					"protocol": "http",
					"host": [
						"localhost"
					],
					"port": "3000",
					"path": [
						"api",
						"v1",
						"requests",
						"refunds",
						"1"
					]
				}
			},
			"response": [
				{
					"name": "refund request updates status of request and deletes this ticket from rides table",
					"originalRequest": {
						"method": "PUT",
						"header": [],
						"body": {
							"mode": "raw",
							"raw": "{\r\n      \"refundStatus\": \"accepted\"\r\n}",
							"options": {
								"raw": {
									"language": "json"
								}
							}
						},
						"url": {
							"raw": "http://localhost:3000/api/v1/requests/refunds/4",
							"protocol": "http",
							"host": [
								"localhost"
							],
							"port": "3000",
							"path": [
								"api",
								"v1",
								"requests",
								"refunds",
								"4"
							]
						}
					},
					"status": "OK",
					"code": 200,
					"_postman_previewlanguage": "html",
					"header": [
						{
							"key": "X-Powered-By",
							"value": "Express"
						},
						{
							"key": "Content-Type",
							"value": "text/html; charset=utf-8"
						},
						{
							"key": "Content-Length",
							"value": "32"
						},
						{
							"key": "ETag",
							"value": "W/\"20-x2qZfpo+yUc43vrN5DrR89ZW3YY\""
						},
						{
							"key": "Date",
							"value": "Mon, 29 May 2023 13:50:04 GMT"
						},
						{
							"key": "Connection",
							"value": "keep-alive"
						},
						{
							"key": "Keep-Alive",
							"value": "timeout=5"
						}
					],
					"cookie": [],
					"body": "refund request status is updated"
				},
				{
					"name": "refund request updated if user is subscribed status is updated row in rides is deleted and nooftickets in subscriptions is incremented by 1",
					"originalRequest": {
						"method": "PUT",
						"header": [],
						"body": {
							"mode": "raw",
							"raw": "{\r\n      \"refundStatus\": \"accepted\"\r\n}",
							"options": {
								"raw": {
									"language": "json"
								}
							}
						},
						"url": {
							"raw": "http://localhost:3000/api/v1/requests/refunds/1",
							"protocol": "http",
							"host": [
								"localhost"
							],
							"port": "3000",
							"path": [
								"api",
								"v1",
								"requests",
								"refunds",
								"1"
							]
						}
					},
					"status": "OK",
					"code": 200,
					"_postman_previewlanguage": "html",
					"header": [
						{
							"key": "X-Powered-By",
							"value": "Express"
						},
						{
							"key": "Content-Type",
							"value": "text/html; charset=utf-8"
						},
						{
							"key": "Content-Length",
							"value": "32"
						},
						{
							"key": "ETag",
							"value": "W/\"20-x2qZfpo+yUc43vrN5DrR89ZW3YY\""
						},
						{
							"key": "Date",
							"value": "Mon, 29 May 2023 16:56:35 GMT"
						},
						{
							"key": "Connection",
							"value": "keep-alive"
						},
						{
							"key": "Keep-Alive",
							"value": "timeout=5"
						}
					],
					"cookie": [],
					"body": "refund request status is updated"
				}
			]
		}
	],
	"variable": [
		{
			"key": "baseUrl",
			"value": "http://localhost:3000"
		}
	]
}